source_identifier,template_id,element_identifier,ANSWER_assigned,ANSWER_claude-3-opus-20240229,ANSWER_gpt-4-1106-vision-preview,FEATURE_full_prompt,FEATURE_page_indexes
0874c4448032a9b6ddb50c172dfe67499ae21c52270eda884603f14ab0e5b99c,661bd24fb129ff2526f2af09,rev23_millions_no_hint,"{""main_question"": ""67954.0"", ""sources"": [406]}","{""main_question"": ""25,096""}","{""main_question"": ""67984""}","You are supposed to answer a question based on one or several images that are provided below. 


                    The question is: What are the revenues for the 12 month period ending december 2023 (in million USD)?  possible values: any number (positive or negative, including decimals) 

                    
                     


                    Your answer should be formatted as a JSON object, under the key 'main_question' you can put as value the answer to the question in the designated format.  For example your answer could look like this: {""main_question"": ""123""} 

                    
                    
                    ",40
d1ba9d1f2f6bfe865dee78ee0faf256431d635612612d449b8588de9ed4ce9d1,661bd24fb129ff2526f2af09,rev23_millions_no_hint,"{""main_question"": ""29771.0"", ""sources"": [758]}","{""main_question"": ""29771""}","{""main_question"": ""29971""}","You are supposed to answer a question based on one or several images that are provided below. 


                    The question is: What are the revenues for the 12 month period ending december 2023 (in million USD)?  possible values: any number (positive or negative, including decimals) 

                    
                     


                    Your answer should be formatted as a JSON object, under the key 'main_question' you can put as value the answer to the question in the designated format.  For example your answer could look like this: {""main_question"": ""123""} 

                    
                    
                    ",60
e48a52839565b42da09053207fd9bdd11bd57f87806c492f5eeba566c8457ff5,661bd24fb129ff2526f2af09,rev23_millions_no_hint,"{""main_question"": ""224.962"", ""sources"": [237]}","{""main_question"": 224902}","{""main_question"": ""224,962""}","You are supposed to answer a question based on one or several images that are provided below. 


                    The question is: What are the revenues for the 12 month period ending december 2023 (in million USD)?  possible values: any number (positive or negative, including decimals) 

                    
                     


                    Your answer should be formatted as a JSON object, under the key 'main_question' you can put as value the answer to the question in the designated format.  For example your answer could look like this: {""main_question"": ""123""} 

                    
                    
                    ",38
f15ce7b57fb650459e9e07d5bc5bca32aae09b0792fa3712a733f2900085f969,661bd24fb129ff2526f2af09,rev23_millions_no_hint,"{""main_question"": ""3283.0"", ""sources"": [440]}","{""main_question"": ""3283.0""}","{""main_question"": ""2383.0""}","You are supposed to answer a question based on one or several images that are provided below. 


                    The question is: What are the revenues for the 12 month period ending december 2023 (in million USD)?  possible values: any number (positive or negative, including decimals) 

                    
                     


                    Your answer should be formatted as a JSON object, under the key 'main_question' you can put as value the answer to the question in the designated format.  For example your answer could look like this: {""main_question"": ""123""} 

                    
                    
                    ",57
2b5da51d15c30fffee3c5b040cbb06f05da94464c4d80d1acd19b4bf8f6218e6,661bd24fb129ff2526f2af09,rev23_millions_no_hint,"{""main_question"": ""45006.0"", ""sources"": [942]}","{""main_question"": ""45,055""}","```json
{""main_question"": ""45006""}
```","You are supposed to answer a question based on one or several images that are provided below. 


                    The question is: What are the revenues for the 12 month period ending december 2023 (in million USD)?  possible values: any number (positive or negative, including decimals) 

                    
                     


                    Your answer should be formatted as a JSON object, under the key 'main_question' you can put as value the answer to the question in the designated format.  For example your answer could look like this: {""main_question"": ""123""} 

                    
                    
                    ",72
a4405135c432342e1b4153889293ad253e43d146cdae711e6571352343b8c2f5,661bd24fb129ff2526f2af09,rev23_millions_no_hint,"{""main_question"": ""8544.0"", ""sources"": [456]}","{""main_question"": ""8544""}","{""main_question"": ""8544""}","You are supposed to answer a question based on one or several images that are provided below. 


                    The question is: What are the revenues for the 12 month period ending december 2023 (in million USD)?  possible values: any number (positive or negative, including decimals) 

                    
                     


                    Your answer should be formatted as a JSON object, under the key 'main_question' you can put as value the answer to the question in the designated format.  For example your answer could look like this: {""main_question"": ""123""} 

                    
                    
                    ",58
0cfc70b459846319793717e6a62d9752db57bda263c40b8da9fa3fd2669ed46e,661bd24fb129ff2526f2af09,rev23_millions_no_hint,"{""main_question"": ""12140.147"", ""sources"": [1234]}","{""main_question"": ""11,213,515""}","```json
{""main_question"": ""12146.147""}
```","You are supposed to answer a question based on one or several images that are provided below. 


                    The question is: What are the revenues for the 12 month period ending december 2023 (in million USD)?  possible values: any number (positive or negative, including decimals) 

                    
                     


                    Your answer should be formatted as a JSON object, under the key 'main_question' you can put as value the answer to the question in the designated format.  For example your answer could look like this: {""main_question"": ""123""} 

                    
                    
                    ",86
904c92c467159ea0ecebc8fb7f24386ca91b2160e8754b446e7a58af0f174c62,661bd24fb129ff2526f2af09,rev23_millions_no_hint,"{""main_question"": ""9654.419"", ""sources"": [792]}","{""main_question"": 9654.419}","{""main_question"": ""9654.419""}","You are supposed to answer a question based on one or several images that are provided below. 


                    The question is: What are the revenues for the 12 month period ending december 2023 (in million USD)?  possible values: any number (positive or negative, including decimals) 

                    
                     


                    Your answer should be formatted as a JSON object, under the key 'main_question' you can put as value the answer to the question in the designated format.  For example your answer could look like this: {""main_question"": ""123""} 

                    
                    
                    ",57
8af618843ebbf356dfe67437235ba166ab832d8eb2f730eee50173a459707b64,661bd24fb129ff2526f2af09,rev23_millions_no_hint,"{""main_question"": ""9677.0"", ""sources"": [293]}","{""main_question"": 7647}","```json
{""main_question"": ""9677""}
```","You are supposed to answer a question based on one or several images that are provided below. 


                    The question is: What are the revenues for the 12 month period ending december 2023 (in million USD)?  possible values: any number (positive or negative, including decimals) 

                    
                     


                    Your answer should be formatted as a JSON object, under the key 'main_question' you can put as value the answer to the question in the designated format.  For example your answer could look like this: {""main_question"": ""123""} 

                    
                    
                    ",49
d1734341df9c07f9b38146316ed169e11c846b8852c24c7bf3c964bf483e3209,661bd24fb129ff2526f2af09,rev23_millions_no_hint,"{""main_question"": ""9237.064"", ""sources"": [441]}","{""main_question"": ""9,237,064""}","```json
{""main_question"": ""9237.064""}
```","You are supposed to answer a question based on one or several images that are provided below. 


                    The question is: What are the revenues for the 12 month period ending december 2023 (in million USD)?  possible values: any number (positive or negative, including decimals) 

                    
                     


                    Your answer should be formatted as a JSON object, under the key 'main_question' you can put as value the answer to the question in the designated format.  For example your answer could look like this: {""main_question"": ""123""} 

                    
                    
                    ",84
a4f7007176ea3c885f30225c9125a20f2d6545ec7976162d5bcea9d3be17ae8a,661bd24fb129ff2526f2af09,rev23_millions_no_hint,"{""main_question"": ""14663.0"", ""sources"": [907]}","{""main_question"": ""14,663""}","```json
{""main_question"": ""14653""}
```","You are supposed to answer a question based on one or several images that are provided below. 


                    The question is: What are the revenues for the 12 month period ending december 2023 (in million USD)?  possible values: any number (positive or negative, including decimals) 

                    
                     


                    Your answer should be formatted as a JSON object, under the key 'main_question' you can put as value the answer to the question in the designated format.  For example your answer could look like this: {""main_question"": ""123""} 

                    
                    
                    ",83
04e6302080a5015852fccae9a6d1d6c3f10d9ea7330528a6612524cccd2a8c5c,661bd24fb129ff2526f2af09,rev23_millions_no_hint,"{""main_question"": ""8188.136"", ""sources"": [1339]}","{""main_question"": ""8,188,136""}","{""main_question"": ""8188.136""}","You are supposed to answer a question based on one or several images that are provided below. 


                    The question is: What are the revenues for the 12 month period ending december 2023 (in million USD)?  possible values: any number (positive or negative, including decimals) 

                    
                     


                    Your answer should be formatted as a JSON object, under the key 'main_question' you can put as value the answer to the question in the designated format.  For example your answer could look like this: {""main_question"": ""123""} 

                    
                    
                    ",92
f845906a949460238e4d63b3d93f6c995fff1f0f36950822a2d6fc36e0dd5c16,661bd24fb129ff2526f2af09,rev23_millions_no_hint,"{""main_question"": ""26.976"", ""sources"": [2055]}","{""main_question"": ""14,463""}","{""main_question"": ""26.976""}","You are supposed to answer a question based on one or several images that are provided below. 


                    The question is: What are the revenues for the 12 month period ending december 2023 (in million USD)?  possible values: any number (positive or negative, including decimals) 

                    
                     


                    Your answer should be formatted as a JSON object, under the key 'main_question' you can put as value the answer to the question in the designated format.  For example your answer could look like this: {""main_question"": ""123""} 

                    
                    
                    ",145
2e21788d3501f470ed724fdcd83c7d753ba430ea902de1cef636fde9f0abe35f,661bd24fb129ff2526f2af09,rev23_millions_no_hint,"{""main_question"": ""1544.165"", ""sources"": [964]}","{""main_question"": ""513.412""}","{""main_question"": ""1544.165""}","You are supposed to answer a question based on one or several images that are provided below. 


                    The question is: What are the revenues for the 12 month period ending december 2023 (in million USD)?  possible values: any number (positive or negative, including decimals) 

                    
                     


                    Your answer should be formatted as a JSON object, under the key 'main_question' you can put as value the answer to the question in the designated format.  For example your answer could look like this: {""main_question"": ""123""} 

                    
                    
                    ",64
8752c460aca5cfb8288d9ea6ea1797f7db2cd51961397dca04eb9dbc2f5df55d,661bd24fb129ff2526f2af09,rev23_millions_no_hint,"{""main_question"": ""797.2"", ""sources"": [538]}","{""main_question"": ""336.9""}","{""main_question"": ""797.2""}","You are supposed to answer a question based on one or several images that are provided below. 


                    The question is: What are the revenues for the 12 month period ending december 2023 (in million USD)?  possible values: any number (positive or negative, including decimals) 

                    
                     


                    Your answer should be formatted as a JSON object, under the key 'main_question' you can put as value the answer to the question in the designated format.  For example your answer could look like this: {""main_question"": ""123""} 

                    
                    
                    ",49
233618b07c39f6ace9cab395de58af8eb5b991d8c1e239b4066c33dde7db27dd,661bd24fb129ff2526f2af09,rev23_millions_no_hint,"{""main_question"": ""3589.0"", ""sources"": [868]}","{""main_question"": ""2060""}","{""main_question"": ""3589""}","You are supposed to answer a question based on one or several images that are provided below. 


                    The question is: What are the revenues for the 12 month period ending december 2023 (in million USD)?  possible values: any number (positive or negative, including decimals) 

                    
                     


                    Your answer should be formatted as a JSON object, under the key 'main_question' you can put as value the answer to the question in the designated format.  For example your answer could look like this: {""main_question"": ""123""} 

                    
                    
                    ",87
d3064fcf7dace79325aa0a2fdd7f82b92743d21409fdcba9811c12b0a113fb88,661bd24fb129ff2526f2af09,rev23_millions_no_hint,"{""main_question"": ""5465.0"", ""sources"": [544]}","{""main_question"": ""5465""}","{""main_question"": ""5465""}","You are supposed to answer a question based on one or several images that are provided below. 


                    The question is: What are the revenues for the 12 month period ending december 2023 (in million USD)?  possible values: any number (positive or negative, including decimals) 

                    
                     


                    Your answer should be formatted as a JSON object, under the key 'main_question' you can put as value the answer to the question in the designated format.  For example your answer could look like this: {""main_question"": ""123""} 

                    
                    
                    ",42
ac12720f0c6fbe69a7011bdba780a48a669ae8ac83eed4dd390192462aae338a,661bd24fb129ff2526f2af09,rev23_millions_no_hint,"{""main_question"": ""23890.0"", ""sources"": [906]}","{""main_question"": ""24802""}","{""main_question"": ""29390""}","You are supposed to answer a question based on one or several images that are provided below. 


                    The question is: What are the revenues for the 12 month period ending december 2023 (in million USD)?  possible values: any number (positive or negative, including decimals) 

                    
                     


                    Your answer should be formatted as a JSON object, under the key 'main_question' you can put as value the answer to the question in the designated format.  For example your answer could look like this: {""main_question"": ""123""} 

                    
                    
                    ",62
6fa6a52fd45296e0bc85ebe89e41341db3f1a5c243a54f7a9bb0687a01d61736,661bd24fb129ff2526f2af09,rev23_millions_no_hint,"{""main_question"": ""34124.1"", ""sources"": [447]}","{""main_question"": ""34,124.1""}","{""main_question"": ""34124.1""}","You are supposed to answer a question based on one or several images that are provided below. 


                    The question is: What are the revenues for the 12 month period ending december 2023 (in million USD)?  possible values: any number (positive or negative, including decimals) 

                    
                     


                    Your answer should be formatted as a JSON object, under the key 'main_question' you can put as value the answer to the question in the designated format.  For example your answer could look like this: {""main_question"": ""123""} 

                    
                    
                    ",56
e6a4b94e6740f146e8491eff1890befb295c234c8aa429c4257eea63d5f0f76a,661bd24fb129ff2526f2af09,rev23_millions_no_hint,"{""main_question"": ""747.718"", ""sources"": [1129]}","{""main_question"": 747.718}","{""main_question"": ""747718""}","You are supposed to answer a question based on one or several images that are provided below. 


                    The question is: What are the revenues for the 12 month period ending december 2023 (in million USD)?  possible values: any number (positive or negative, including decimals) 

                    
                     


                    Your answer should be formatted as a JSON object, under the key 'main_question' you can put as value the answer to the question in the designated format.  For example your answer could look like this: {""main_question"": ""123""} 

                    
                    
                    ",78
6fb2efd7574d0e2c4e781c72d6538604ef741ed33ddbe343473be9c2ce8a43a6,661bd24fb129ff2526f2af09,rev23_millions_no_hint,"{""main_question"": ""442.888"", ""sources"": [242]}","{""main_question"": ""442,888""}","{""main_question"": ""442.888""}","You are supposed to answer a question based on one or several images that are provided below. 


                    The question is: What are the revenues for the 12 month period ending december 2023 (in million USD)?  possible values: any number (positive or negative, including decimals) 

                    
                     


                    Your answer should be formatted as a JSON object, under the key 'main_question' you can put as value the answer to the question in the designated format.  For example your answer could look like this: {""main_question"": ""123""} 

                    
                    
                    ",61
ff9f69f4b5be85aede158d8033e42f0d804eb173c86139c75b0c396fa8cdd9bb,661bd24fb129ff2526f2af09,rev23_millions_no_hint,"{""main_question"": ""3489.242"", ""sources"": [1047]}","{""main_question"": ""212,561""}","{""main_question"": ""3489.242""}","You are supposed to answer a question based on one or several images that are provided below. 


                    The question is: What are the revenues for the 12 month period ending december 2023 (in million USD)?  possible values: any number (positive or negative, including decimals) 

                    
                     


                    Your answer should be formatted as a JSON object, under the key 'main_question' you can put as value the answer to the question in the designated format.  For example your answer could look like this: {""main_question"": ""123""} 

                    
                    
                    ",60
98ae25b5606a191ee91ec61ddac9bff1e43e2a87f1e87faf95bf2c5cebb467fb,661bd24fb129ff2526f2af09,rev23_millions_no_hint,"{""main_question"": ""24428.0"", ""sources"": [1285]}","{""main_question"": ""24,428""}","{""main_question"": ""24428""}","You are supposed to answer a question based on one or several images that are provided below. 


                    The question is: What are the revenues for the 12 month period ending december 2023 (in million USD)?  possible values: any number (positive or negative, including decimals) 

                    
                     


                    Your answer should be formatted as a JSON object, under the key 'main_question' you can put as value the answer to the question in the designated format.  For example your answer could look like this: {""main_question"": ""123""} 

                    
                    
                    ",92
babec6684b06b529986dc867a7b85b6386461389e5f98c5f102c5273764e22a4,661bd24fb129ff2526f2af09,rev23_millions_no_hint,"{""main_question"": ""554.458"", ""sources"": [698]}","{""main_question"": ""554,458""}","{""main_question"": ""554,458""}","You are supposed to answer a question based on one or several images that are provided below. 


                    The question is: What are the revenues for the 12 month period ending december 2023 (in million USD)?  possible values: any number (positive or negative, including decimals) 

                    
                     


                    Your answer should be formatted as a JSON object, under the key 'main_question' you can put as value the answer to the question in the designated format.  For example your answer could look like this: {""main_question"": ""123""} 

                    
                    
                    ",57
6301536379e208ecaadb4239b0909269c2422369679fe56d67eb320ce0b0c348,661bd24fb129ff2526f2af09,rev23_millions_no_hint,"{""main_question"": ""6177.8"", ""sources"": [398]}","{""main_question"": 6177.8}","{""main_question"": ""6177.8""}","You are supposed to answer a question based on one or several images that are provided below. 


                    The question is: What are the revenues for the 12 month period ending december 2023 (in million USD)?  possible values: any number (positive or negative, including decimals) 

                    
                     


                    Your answer should be formatted as a JSON object, under the key 'main_question' you can put as value the answer to the question in the designated format.  For example your answer could look like this: {""main_question"": ""123""} 

                    
                    
                    ",33
883d4182842fce8dc370e1f4548a1b19a657bb3bfc50311005eb73c84c435195,661bd24fb129ff2526f2af09,rev23_millions_no_hint,"{""main_question"": ""6664.058"", ""sources"": [1093]}","{""main_question"": ""6,664,058""}","{""main_question"": ""6664.058""}","You are supposed to answer a question based on one or several images that are provided below. 


                    The question is: What are the revenues for the 12 month period ending december 2023 (in million USD)?  possible values: any number (positive or negative, including decimals) 

                    
                     


                    Your answer should be formatted as a JSON object, under the key 'main_question' you can put as value the answer to the question in the designated format.  For example your answer could look like this: {""main_question"": ""123""} 

                    
                    
                    ",94
908d10dff452e207b1aa712683e508c45aec08fc7e28f78d69db9490604108ec,661bd24fb129ff2526f2af09,rev23_millions_no_hint,"{""main_question"": ""6667.0"", ""sources"": [2108]}","{""main_question"": ""3028""}","```json
{""main_question"": ""3667""}
```","You are supposed to answer a question based on one or several images that are provided below. 


                    The question is: What are the revenues for the 12 month period ending december 2023 (in million USD)?  possible values: any number (positive or negative, including decimals) 

                    
                     


                    Your answer should be formatted as a JSON object, under the key 'main_question' you can put as value the answer to the question in the designated format.  For example your answer could look like this: {""main_question"": ""123""} 

                    
                    
                    ",105
c51410ff294abcb7e7cf4e19acc95965ffca028b63059a0a2d4218455d4e226a,661bd24fb129ff2526f2af09,rev23_millions_no_hint,"{""main_question"": ""63.533"", ""sources"": [522]}","{""main_question"": ""63,533""}","{""main_question"": ""63.533""}","You are supposed to answer a question based on one or several images that are provided below. 


                    The question is: What are the revenues for the 12 month period ending december 2023 (in million USD)?  possible values: any number (positive or negative, including decimals) 

                    
                     


                    Your answer should be formatted as a JSON object, under the key 'main_question' you can put as value the answer to the question in the designated format.  For example your answer could look like this: {""main_question"": ""123""} 

                    
                    
                    ",97
d1123e9d3efe138570005ec0bf105271f8eec01d4bb9916858ea78e7758ce0e5,661bd24fb129ff2526f2af09,rev23_millions_no_hint,"{""main_question"": ""884.068"", ""sources"": [478]}",n/a,"{""main_question"": ""315,358""}","You are supposed to answer a question based on one or several images that are provided below. 


                    The question is: What are the revenues for the 12 month period ending december 2023 (in million USD)?  possible values: any number (positive or negative, including decimals) 

                    
                     


                    Your answer should be formatted as a JSON object, under the key 'main_question' you can put as value the answer to the question in the designated format.  For example your answer could look like this: {""main_question"": ""123""} 

                    
                    
                    ",63
2803f1b115dadc0a7769a721fa241c8f1ffb35b7dd065a96f78abacf560a6ad1,661bd24fb129ff2526f2af09,rev23_millions_no_hint,"{""main_question"": ""1058.651"", ""sources"": [699]}","{""main_question"": ""1058.651""}","{""main_question"": ""2058.651""}","You are supposed to answer a question based on one or several images that are provided below. 


                    The question is: What are the revenues for the 12 month period ending december 2023 (in million USD)?  possible values: any number (positive or negative, including decimals) 

                    
                     


                    Your answer should be formatted as a JSON object, under the key 'main_question' you can put as value the answer to the question in the designated format.  For example your answer could look like this: {""main_question"": ""123""} 

                    
                    
                    ",70
6a1d176fadb8fac3b0463ef34e18798dc1d62b57a5d566e888d1697d4bf500cf,661bd24fb129ff2526f2af09,rev23_millions_no_hint,"{""main_question"": ""3799.269"", ""sources"": [953]}","{""main_question"": ""3,799,269""}","{""main_question"": ""3799269""}","You are supposed to answer a question based on one or several images that are provided below. 


                    The question is: What are the revenues for the 12 month period ending december 2023 (in million USD)?  possible values: any number (positive or negative, including decimals) 

                    
                     


                    Your answer should be formatted as a JSON object, under the key 'main_question' you can put as value the answer to the question in the designated format.  For example your answer could look like this: {""main_question"": ""123""} 

                    
                    
                    ",76
ac4a765896ce8c15c89536a9b8975a627d5241f8766315532ecaa5fef3bcb833,661bd24fb129ff2526f2af09,rev23_millions_no_hint,"{""main_question"": ""11.758"", ""sources"": [589]}","{""main_question"": ""11,758""}","{""main_question"": ""-200.068""}","You are supposed to answer a question based on one or several images that are provided below. 


                    The question is: What are the revenues for the 12 month period ending december 2023 (in million USD)?  possible values: any number (positive or negative, including decimals) 

                    
                     


                    Your answer should be formatted as a JSON object, under the key 'main_question' you can put as value the answer to the question in the designated format.  For example your answer could look like this: {""main_question"": ""123""} 

                    
                    
                    ",156
0ad9fa2934667db0c6fcb263620ec888dd5a68f1ca1d72d2b13fd34f752e31e9,661bd24fb129ff2526f2af09,rev23_millions_no_hint,"{""main_question"": ""15258.0"", ""sources"": [585]}","{""main_question"": ""14,082""}","{""main_question"": ""15258""}","You are supposed to answer a question based on one or several images that are provided below. 


                    The question is: What are the revenues for the 12 month period ending december 2023 (in million USD)?  possible values: any number (positive or negative, including decimals) 

                    
                     


                    Your answer should be formatted as a JSON object, under the key 'main_question' you can put as value the answer to the question in the designated format.  For example your answer could look like this: {""main_question"": ""123""} 

                    
                    
                    ",47
fc4e5aa6a0bba204ca2bab4b052600b876b73b6b212a3739f699dc31ce268717,661bd24fb129ff2526f2af09,rev23_millions_no_hint,"{""main_question"": ""1131.455"", ""sources"": [375]}","{""main_question"": ""1131.455""}","{""main_question"": ""1131.455""}","You are supposed to answer a question based on one or several images that are provided below. 


                    The question is: What are the revenues for the 12 month period ending december 2023 (in million USD)?  possible values: any number (positive or negative, including decimals) 

                    
                     


                    Your answer should be formatted as a JSON object, under the key 'main_question' you can put as value the answer to the question in the designated format.  For example your answer could look like this: {""main_question"": ""123""} 

                    
                    
                    ",37
483cff7ce36fb5b8ef2ff8f3cf6e28f932a97425e3946e1de37449f39eef6e95,661bd24fb129ff2526f2af09,rev23_millions_no_hint,"{""main_question"": ""881.662"", ""sources"": [524]}","{""main_question"": 881662}","{""main_question"": ""881662""}","You are supposed to answer a question based on one or several images that are provided below. 


                    The question is: What are the revenues for the 12 month period ending december 2023 (in million USD)?  possible values: any number (positive or negative, including decimals) 

                    
                     


                    Your answer should be formatted as a JSON object, under the key 'main_question' you can put as value the answer to the question in the designated format.  For example your answer could look like this: {""main_question"": ""123""} 

                    
                    
                    ",56
ffb4f7b2cabce1a596b9aa9ba43816f30f4d2756af6d96e1ad7d7cc29a6ceb89,661bd24fb129ff2526f2af09,rev23_millions_no_hint,"{""main_question"": ""28823.0"", ""sources"": [546]}","{""main_question"": 28823}","{""main_question"": ""28283""}","You are supposed to answer a question based on one or several images that are provided below. 


                    The question is: What are the revenues for the 12 month period ending december 2023 (in million USD)?  possible values: any number (positive or negative, including decimals) 

                    
                     


                    Your answer should be formatted as a JSON object, under the key 'main_question' you can put as value the answer to the question in the designated format.  For example your answer could look like this: {""main_question"": ""123""} 

                    
                    
                    ",82
eb96ba7e1d554af37be9b253435e3b51d44b356eecd75f65bc39cf676931b81e,661bd24fb129ff2526f2af09,rev23_millions_no_hint,"{""main_question"": ""1303.046"", ""sources"": [348]}","{""main_question"": ""1,274,294""}","{""main_question"": ""1303.046""}","You are supposed to answer a question based on one or several images that are provided below. 


                    The question is: What are the revenues for the 12 month period ending december 2023 (in million USD)?  possible values: any number (positive or negative, including decimals) 

                    
                     


                    Your answer should be formatted as a JSON object, under the key 'main_question' you can put as value the answer to the question in the designated format.  For example your answer could look like this: {""main_question"": ""123""} 

                    
                    
                    ",47
1665186aaf35d39b0ec45f5aa6f187a68d26be500817288f814003a2e6685bb7,661bd24fb129ff2526f2af09,rev23_millions_no_hint,"{""main_question"": ""8000.342"", ""sources"": [160]}","{""main_question"": 8000.342}","{""main_question"": ""8000.342""}","You are supposed to answer a question based on one or several images that are provided below. 


                    The question is: What are the revenues for the 12 month period ending december 2023 (in million USD)?  possible values: any number (positive or negative, including decimals) 

                    
                     


                    Your answer should be formatted as a JSON object, under the key 'main_question' you can put as value the answer to the question in the designated format.  For example your answer could look like this: {""main_question"": ""123""} 

                    
                    
                    ",31
4f24b2140f77496a21b5c984c0465bcb77d344d69d9d2d3ee2623f0fe6548e90,661bd24fb129ff2526f2af09,rev23_millions_no_hint,"{""main_question"": ""794.632"", ""sources"": [853]}","{""main_question"": ""790,909""}","```json
{""main_question"": ""794.632""}
```","You are supposed to answer a question based on one or several images that are provided below. 


                    The question is: What are the revenues for the 12 month period ending december 2023 (in million USD)?  possible values: any number (positive or negative, including decimals) 

                    
                     


                    Your answer should be formatted as a JSON object, under the key 'main_question' you can put as value the answer to the question in the designated format.  For example your answer could look like this: {""main_question"": ""123""} 

                    
                    
                    ",58
fffbdbde47eb99e2ddd38ec2e46a33a19d4a0139f4c9d9c12b5314e933cf6719,661bd24fb129ff2526f2af09,rev23_millions_no_hint,"{""main_question"": ""1777.71"", ""sources"": [428]}","{""main_question"": ""1309.687""}","{""main_question"": ""1771.0""}","You are supposed to answer a question based on one or several images that are provided below. 


                    The question is: What are the revenues for the 12 month period ending december 2023 (in million USD)?  possible values: any number (positive or negative, including decimals) 

                    
                     


                    Your answer should be formatted as a JSON object, under the key 'main_question' you can put as value the answer to the question in the designated format.  For example your answer could look like this: {""main_question"": ""123""} 

                    
                    
                    ",39
6b6101d7c5965809652d8e49f68b1c338b29b6c221f1563dd3bc420d1c6aa387,661bd24fb129ff2526f2af09,rev23_millions_no_hint,"{""main_question"": ""992.452"", ""sources"": [340]}","{""main_question"": ""992,452""}","{""main_question"": ""992.452""}","You are supposed to answer a question based on one or several images that are provided below. 


                    The question is: What are the revenues for the 12 month period ending december 2023 (in million USD)?  possible values: any number (positive or negative, including decimals) 

                    
                     


                    Your answer should be formatted as a JSON object, under the key 'main_question' you can put as value the answer to the question in the designated format.  For example your answer could look like this: {""main_question"": ""123""} 

                    
                    
                    ",61
20e19c655fbeb318afce661d0608658b12b0a32ab6c2772e424248db61cf2bae,661bd24fb129ff2526f2af09,rev23_millions_no_hint,"{""main_question"": ""310.463"", ""sources"": [1283]}","{""main_question"": ""391,866""}","{""main_question"": ""310.463""}","You are supposed to answer a question based on one or several images that are provided below. 


                    The question is: What are the revenues for the 12 month period ending december 2023 (in million USD)?  possible values: any number (positive or negative, including decimals) 

                    
                     


                    Your answer should be formatted as a JSON object, under the key 'main_question' you can put as value the answer to the question in the designated format.  For example your answer could look like this: {""main_question"": ""123""} 

                    
                    
                    ",93
fba3450c2f35ddc70bf3bd1bba034d2701ae444bfdf5e9495e275618c2df884e,661bd24fb129ff2526f2af09,rev23_millions_no_hint,"{""main_question"": ""14805.9"", ""sources"": [569]}","{""main_question"": ""14,093.3""}","{""main_question"": ""14805.9""}","You are supposed to answer a question based on one or several images that are provided below. 


                    The question is: What are the revenues for the 12 month period ending december 2023 (in million USD)?  possible values: any number (positive or negative, including decimals) 

                    
                     


                    Your answer should be formatted as a JSON object, under the key 'main_question' you can put as value the answer to the question in the designated format.  For example your answer could look like this: {""main_question"": ""123""} 

                    
                    
                    ",43
3d747582753be5a1217b6cedaf3bfc24b01540cade24097d29d924dd906c4c89,661bd24fb129ff2526f2af09,rev23_millions_no_hint,"{""main_question"": ""769.365"", ""sources"": [192]}",n/a,"{""main_question"": ""953,442""}","You are supposed to answer a question based on one or several images that are provided below. 


                    The question is: What are the revenues for the 12 month period ending december 2023 (in million USD)?  possible values: any number (positive or negative, including decimals) 

                    
                     


                    Your answer should be formatted as a JSON object, under the key 'main_question' you can put as value the answer to the question in the designated format.  For example your answer could look like this: {""main_question"": ""123""} 

                    
                    
                    ",27
d16359aa04eed50f147890e6e1ff9d428c5ee529050c581ef2993bfda4f2dbd1,661bd24fb129ff2526f2af09,rev23_millions_no_hint,"{""main_question"": ""361.051"", ""sources"": [1061]}","{""main_question"": ""361.051""}","{""main_question"": ""361.051""}","You are supposed to answer a question based on one or several images that are provided below. 


                    The question is: What are the revenues for the 12 month period ending december 2023 (in million USD)?  possible values: any number (positive or negative, including decimals) 

                    
                     


                    Your answer should be formatted as a JSON object, under the key 'main_question' you can put as value the answer to the question in the designated format.  For example your answer could look like this: {""main_question"": ""123""} 

                    
                    
                    ",87
ce916b7bf29e050c3268af56f2a360f4bfadd516c436a85102b627549904eedd,661bd24fb129ff2526f2af09,rev23_millions_no_hint,"{""main_question"": ""343.376"", ""sources"": [1272]}","{""main_question"": ""343,376""}","{""main_question"": ""343.376""}","You are supposed to answer a question based on one or several images that are provided below. 


                    The question is: What are the revenues for the 12 month period ending december 2023 (in million USD)?  possible values: any number (positive or negative, including decimals) 

                    
                     


                    Your answer should be formatted as a JSON object, under the key 'main_question' you can put as value the answer to the question in the designated format.  For example your answer could look like this: {""main_question"": ""123""} 

                    
                    
                    ",97
53803872892694d9969c467e61cf834dfff770a3f44bf0228ca3a4859d16cd6d,661bd24fb129ff2526f2af09,rev23_millions_no_hint,"{""main_question"": ""15444.0"", ""sources"": [973]}","{""main_question"": ""15,054""}","{""main_question"": ""15444""}","You are supposed to answer a question based on one or several images that are provided below. 


                    The question is: What are the revenues for the 12 month period ending december 2023 (in million USD)?  possible values: any number (positive or negative, including decimals) 

                    
                     


                    Your answer should be formatted as a JSON object, under the key 'main_question' you can put as value the answer to the question in the designated format.  For example your answer could look like this: {""main_question"": ""123""} 

                    
                    
                    ",83
71fde5e58c32201e937670c58fe225bd4be3282a48f9343ca7f9d1b3bbcaa506,661bd24fb129ff2526f2af09,rev23_millions_no_hint,"{""main_question"": ""90.122"", ""sources"": [761]}","{""main_question"": ""90,122""}","```json
{""main_question"": ""90122""}
```","You are supposed to answer a question based on one or several images that are provided below. 


                    The question is: What are the revenues for the 12 month period ending december 2023 (in million USD)?  possible values: any number (positive or negative, including decimals) 

                    
                     


                    Your answer should be formatted as a JSON object, under the key 'main_question' you can put as value the answer to the question in the designated format.  For example your answer could look like this: {""main_question"": ""123""} 

                    
                    
                    ",57
b01d109bcbebcc5f432c4012b7e1f53d6b14e6b3fc8b2362e6d421d07889f17b,661bd24fb129ff2526f2af09,rev23_millions_no_hint,"{""main_question"": ""1.932"", ""sources"": [626]}","{""main_question"": ""1,932""}","```json
{""main_question"": ""1.932""}
```","You are supposed to answer a question based on one or several images that are provided below. 


                    The question is: What are the revenues for the 12 month period ending december 2023 (in million USD)?  possible values: any number (positive or negative, including decimals) 

                    
                     


                    Your answer should be formatted as a JSON object, under the key 'main_question' you can put as value the answer to the question in the designated format.  For example your answer could look like this: {""main_question"": ""123""} 

                    
                    
                    ",43
7a85298835180e85cf5f7fb5efe17ee90f77c1922d55186e690df3f309a5b745,661bd24fb129ff2526f2af09,rev23_millions_no_hint,"{""main_question"": ""126.325"", ""sources"": [448]}","{""main_question"": ""126,325""}","{""main_question"": ""126.325""}","You are supposed to answer a question based on one or several images that are provided below. 


                    The question is: What are the revenues for the 12 month period ending december 2023 (in million USD)?  possible values: any number (positive or negative, including decimals) 

                    
                     


                    Your answer should be formatted as a JSON object, under the key 'main_question' you can put as value the answer to the question in the designated format.  For example your answer could look like this: {""main_question"": ""123""} 

                    
                    
                    ",107
